{"classifierType":"TEXT_CLASSIFIER","type":"TRIE_CLASSIFIER","policy":{"filterThreshold":0.0,"defaultValue":"","filter":false,"selectionThreshold":0.0,"multi":false},"featureTemplate":"<?xml version=\"1.0\" encoding=\"UTF-8\"?>\n<ClassifierTemplate xmlns:xsi=\"http://www.w3.org/2001/XMLSchema-instance\"\n                    xsi:noNamespaceSchemaLocation=\"ClassifierTemplate.xsd\">\n\n    <ClassifierProperties instanceType=\"FEATURE\"/>\n\n    <Resources>\n        <Resource key=\"stop-words\" path = \"trainer/trie/trie-lemmas-en.txt\" system=\"true\" />\n    </Resources>\n\n    <Processors>\n        <WordFilterProcessor resource=\"stop-words\">\n            <MapExtractor key=\"lemma\"/>\n        </WordFilterProcessor>\n        <PunctuationProcessor/>\n    </Processors>\n\n    <Extractors>\n        <StringFunctionExtractor name=\"lemma_extractor\">\n            <SequentialFunction>\n                <DigitNormalizingFunction type=\"MR\"/>\n                <LowerCaseFunction/>\n            </SequentialFunction>\n            <MapExtractor key=\"lemma\"/>\n        </StringFunctionExtractor>\n    </Extractors>\n\n    <FocusFeatures>\n        <Feature name=\"focus\">\n            <FocusIdentityContext/>\n            <Extractor ref=\"lemma_extractor\"/>\n        </Feature>\n    </FocusFeatures>\n\n</ClassifierTemplate>","paddingNode":{"form":"<PAD>","properties":{}},"leftPaddingNode":null,"rightPaddingNode":null,"id":null,"modelName":null,"tensorModelPath":null,"metadata":null,"algorithmProperties":null,"autoAug":false,"cvFolds":0,"includeAllUtterances":false,"includeEntityUtterances":false,"includedIntents":["cwlDemo","cwlGuestWifi","cwlTimeOff","weather","myTest"],"includedEntities":[],"includedDomains":[],"focusedEntityFeatures":[],"enableCustomFeatures":false,"customFeatures":null,"includeElmo":false,"useResourceFeatures":false,"useBuiltInResource":false,"numKeyPhrases":0,"trainOutOfDomain":false,"useUploadedTemplate":false}