{"type":"PA_CLASSIFIER","policy":{"filterThreshold":0.0,"defaultValue":"","filter":false,"selectionThreshold":0.0,"multi":false},"featureTemplate":"<?xml version=\"1.0\" encoding=\"UTF-8\"?>\n<ClassifierTemplate xmlns:xsi=\"http://www.w3.org/2001/XMLSchema-instance\" xsi:noNamespaceSchemaLocation=\"ClassifierTemplate.xsd\">\n\n    <ClassifierProperties/>\n\n    <Extractors>\n        <MapExtractor name=\"form_extractor\" key=\"form\"/>\n        <!-- extracts the text of a word, normalizing the digits like 12/11/2013 to ##/##/#### or $3.23 to $#.## -->\n        <StringFunctionExtractor name=\"normalized\">\n            <SequentialFunction>\n                <DigitNormalizingFunction/>\n                <LowerCaseFunction/>\n            </SequentialFunction>\n            <Extractor ref=\"form_extractor\"/>\n        </StringFunctionExtractor>\n\n        <Aggregate name=\"word\">\n            <MapExtractor key=\"lemma\"/>\n            <Extractor ref=\"normalized\"/>\n        </Aggregate>\n    </Extractors>\n\n    <SequenceFeatures>\n        <Feature name=\"colloc_-2\">\n            <SpanFocusContext relation=\"BEGIN\">\n                <CollocationalContext offset=\"-2\"/>\n            </SpanFocusContext>\n            <Extractor ref=\"word\"/>\n        </Feature>\n        <Feature name=\"colloc_-1\">\n            <SpanFocusContext relation=\"BEGIN\">\n                <CollocationalContext offset=\"-1\"/>\n            </SpanFocusContext>\n            <Extractor ref=\"word\"/>\n        </Feature>\n        <Feature name=\"colloc_0\">\n            <SpanFocusContext relation=\"BEGIN\">\n                <CollocationalContext offset=\"0\"/>\n            </SpanFocusContext>\n            <Extractor ref=\"word\"/>\n        </Feature>\n        <Feature name=\"colloc_1\">\n            <SpanFocusContext relation=\"BEGIN\">\n                <CollocationalContext offset=\"1\"/>\n            </SpanFocusContext>\n            <Extractor ref=\"word\"/>\n        </Feature>\n        <Feature name=\"colloc_2\">\n            <SpanFocusContext relation=\"BEGIN\">\n                <CollocationalContext offset=\"2\"/>\n            </SpanFocusContext>\n            <Extractor ref=\"word\"/>\n        </Feature>\n    </SequenceFeatures>\n\n</ClassifierTemplate>","paddingNode":{"form":"<PAD>","properties":{}},"leftPaddingNode":null,"rightPaddingNode":null,"id":"allHotelDates","modelName":null,"tensorModelPath":null,"metadata":{"noOfUtterances":5,"noOfGoals":0,"noOfSlots":2,"goals":[],"slots":["checkOutDate","checkInDate"]},"algorithmProperties":{"lr_calibrator_type":"No calibration","pa_patience":"30","cost":"1","lr_eps":"0.1","meta_max_run_seconds":"500","lr_cost":"1","scw_seed":"1","cw_seed":"1","scw_eta":"0.85","meta_max_patience":"100","cw_maxEpochs":"999","cw_averaging":"false","meta_max_score":"1.00","ll_calibrator_type":"No calibration","lr_solverType":"L2R_LR","meta_max_epoch":"300","pa_calibrator_type":"No calibration","pa_cost":"0.0025","cw_numConstraints":"1","eps":"0.1","pa_maxEpochs":"999","pa_averaging":"true","solverType":"L2R_L2LOSS_SVC","algorithm":"lbfgs","dnnIncludeWordEmbedding":"true","scw_c_parameter":"1.0","pa_seed":"1","scw_patience":"10","scw_maxEpochs":"999","Epochs":"100","scw_averaging":"false","scw_numConstraints":"15","cw_patience":"10","dnnModelType":"biLSTM","cw_eta":"0.85","dnnIncludeElmo":"false","Patience":"10"},"autoAug":true,"cvFolds":5,"includeAllUtterances":true,"includedIntents":["cwlGuestWifi"],"includedEntities":[],"focusedEntityFeatures":[],"enableCustomFeatures":false,"customFeatures":"{\n  \"features\": [\n    {\n      \"name\": \"unigrams\",\n      \"context\": \"Unigrams\",\n      \"extractor\": {\n        \"extractorType\": \"Lemma\",\n        \"stringFunctions\": [\n          \"LowerCase\",\n          \"NormalizeDigits\",\n          \"NormalizeUnicode\"\n        ],\n        \"checkForNegation\": false\n      }\n    },\n    {\n      \"name\": \"bigrams\",\n      \"context\": \"Bigrams\",\n      \"extractor\": {\n        \"extractorType\": \"Lemma\",\n        \"stringFunctions\": [\n          \"LowerCase\",\n          \"NormalizeDigits\",\n          \"NormalizeUnicode\"\n        ],\n        \"checkForNegation\": false\n      }\n    }\n  ],\n  \"processors\": [\n    {\n      \"name\": \"Replace Mentions\",\n      \"type\": \"ReplaceMentions\"\n    },\n    {\n      \"name\": \"Punctuation Filter\",\n      \"type\": \"PunctuationFilter\",\n      \"punctuationRegex\": \"[!\\\"#$%&'()*+,-./:;<=>@^_`{|}~\\\\[\\\\]\\\\\\\\]+\"\n    }\n  ]\n}","includeElmo":false,"numKeyPhrases":0,"trainOutOfDomain":false,"useUploadedTemplate":false}