{"type":"PA_TAGGER","policy":{"filterThreshold":0.0,"defaultValue":"","filter":false,"selectionThreshold":0.0,"multi":false},"featureTemplate":"<?xml version=\"1.0\" encoding=\"UTF-8\"?>\n<ClassifierTemplate xmlns:xsi=\"http://www.w3.org/2001/XMLSchema-instance\"\n                    xsi:noNamespaceSchemaLocation=\"ClassifierTemplate.xsd\">\n\n    <ClassifierProperties/>\n\n    <Processors>\n        <ChunkingProcessor/>\n    </Processors>\n\n    <Extractors>\n        <StringFunctionExtractor name=\"lemma_extractor\">\n            <SequentialFunction>\n                <DigitNormalizingFunction type=\"MR\"/>\n                <LowerCaseFunction/>\n            </SequentialFunction>\n            <MapExtractor key=\"lemma\"/>\n        </StringFunctionExtractor>\n        <StringFunctionExtractor name=\"shape_extractor\">\n            <SequentialFunction>\n                <LowerCaseFunction/>\n                <ShapeFunction type=\"MR\"/>\n            </SequentialFunction>\n            <MapExtractor key=\"form\"/>\n        </StringFunctionExtractor>\n    </Extractors>\n\n    <FocusFeatures>\n        <Feature name=\"win_-2_-1\">\n            <CollocationalContext offset=\"-2,-1\"/>\n            <Extractor ref=\"lemma_extractor\"/>\n        </Feature>\n        <Feature name=\"win_-2\">\n            <CollocationalContext offset=\"-2\"/>\n            <Extractor ref=\"lemma_extractor\"/>\n        </Feature>\n        <Feature name=\"win_-1\">\n            <CollocationalContext offset=\"-1\"/>\n            <Extractor ref=\"lemma_extractor\"/>\n        </Feature>\n        <Feature name=\"win_0\">\n            <CollocationalContext offset=\"0\"/>\n            <Extractor ref=\"lemma_extractor\"/>\n        </Feature>\n        <Feature name=\"shape_0\">\n            <CollocationalContext offset=\"0\"/>\n            <Extractor ref=\"shape_extractor\"/>\n        </Feature>\n        <Feature name=\"win_1\">\n            <CollocationalContext offset=\"1\"/>\n            <Extractor ref=\"lemma_extractor\"/>\n        </Feature>\n        <Feature name=\"win_2\">\n            <CollocationalContext offset=\"2\"/>\n            <Extractor ref=\"lemma_extractor\"/>\n        </Feature>\n        <Feature name=\"win_-2_pred_form\">\n            <CollocationalContext offset=\"-2\"/>\n            <PredictionExtractor/>\n        </Feature>\n        <Feature name=\"win_-1_pred_form\">\n            <CollocationalContext offset=\"-1\"/>\n            <PredictionExtractor/>\n        </Feature>\n\n    </FocusFeatures>\n\n</ClassifierTemplate>","paddingNode":{"form":"<PAD>","properties":{}},"leftPaddingNode":null,"rightPaddingNode":null,"id":null,"modelName":null,"tensorModelPath":null,"metadata":{"noOfUtterances":10,"noOfGoals":0,"noOfSlots":1,"goals":[],"slots":["cwlFavColor"]},"algorithmProperties":{"lr_calibrator_type":"No calibration","pa_patience":"30","cost":"1","lr_eps":"0.1","meta_max_run_seconds":"500","lr_cost":"1","scw_seed":"1","cw_seed":"1","scw_eta":"0.85","meta_max_patience":"100","cw_maxEpochs":"999","cw_averaging":"false","meta_max_score":"1.00","ll_calibrator_type":"No calibration","lr_solverType":"L2R_LR","meta_max_epoch":"300","pa_calibrator_type":"No calibration","pa_cost":"0.0025","cw_numConstraints":"1","eps":"0.1","pa_maxEpochs":"999","pa_averaging":"true","solverType":"L2R_L2LOSS_SVC","algorithm":"lbfgs","dnnIncludeWordEmbedding":"true","scw_c_parameter":"1.0","pa_seed":"1","scw_patience":"10","scw_maxEpochs":"999","Epochs":"100","scw_averaging":"false","scw_numConstraints":"15","cw_patience":"10","dnnModelType":"biLSTM","cw_eta":"0.85","dnnIncludeElmo":"false","Patience":"10"},"autoAug":true,"cvFolds":5,"includeAllUtterances":false,"includedIntents":[],"includedEntities":["cwlFavColor"],"focusedEntityFeatures":[],"enableCustomFeatures":false,"customFeatures":"{\n  \"features\": [\n    {\n      \"name\": \"lemma_-2_-1\",\n      \"context\": \"Collocation\",\n      \"offsets\": [\n        -2,\n        -1\n      ],\n      \"extractor\": {\n        \"stringFunctions\": [\n          \"LowerCase\",\n          \"NormalizeDigits\",\n          \"NormalizeUnicode\"\n        ],\n        \"checkForNegation\": false,\n        \"gazetteerType\": \"Gazetteer\",\n        \"extractorType\": \"Lemma\",\n        \"fallbackType\": \"Form\"\n      }\n    },\n    {\n      \"name\": \"lemma_-2\",\n      \"context\": \"Collocation\",\n      \"offsets\": [\n        -2\n      ],\n      \"extractor\": {\n        \"stringFunctions\": [\n          \"LowerCase\",\n          \"NormalizeDigits\",\n          \"NormalizeUnicode\"\n        ],\n        \"checkForNegation\": false,\n        \"gazetteerType\": \"Gazetteer\",\n        \"extractorType\": \"Lemma\",\n        \"fallbackType\": \"Form\"\n      }\n    },\n    {\n      \"name\": \"lemma_-1\",\n      \"context\": \"Collocation\",\n      \"offsets\": [\n        -1\n      ],\n      \"extractor\": {\n        \"stringFunctions\": [\n          \"LowerCase\",\n          \"NormalizeDigits\",\n          \"NormalizeUnicode\"\n        ],\n        \"checkForNegation\": false,\n        \"gazetteerType\": \"Gazetteer\",\n        \"extractorType\": \"Lemma\",\n        \"fallbackType\": \"Form\"\n      }\n    },\n    {\n      \"name\": \"lemma_0\",\n      \"context\": \"Collocation\",\n      \"offsets\": [\n        0\n      ],\n      \"extractor\": {\n        \"stringFunctions\": [\n          \"LowerCase\",\n          \"NormalizeDigits\",\n          \"NormalizeUnicode\"\n        ],\n        \"checkForNegation\": false,\n        \"gazetteerType\": \"Gazetteer\",\n        \"extractorType\": \"Lemma\",\n        \"fallbackType\": \"Form\"\n      }\n    },\n    {\n      \"name\": \"shape_0\",\n      \"context\": \"Collocation\",\n      \"offsets\": [\n        0\n      ],\n      \"extractor\": {\n        \"stringFunctions\": [\n          \"LowerCase\",\n          \"NormalizeWords\"\n        ],\n        \"checkForNegation\": false,\n        \"gazetteerType\": \"Gazetteer\",\n        \"extractorType\": \"Form\",\n        \"fallbackType\": \"Form\"\n      }\n    },\n    {\n      \"name\": \"lemma_1\",\n      \"context\": \"Collocation\",\n      \"offsets\": [\n        1\n      ],\n      \"extractor\": {\n        \"stringFunctions\": [\n          \"LowerCase\",\n          \"NormalizeDigits\",\n          \"NormalizeUnicode\"\n        ],\n        \"checkForNegation\": false,\n        \"gazetteerType\": \"Gazetteer\",\n        \"extractorType\": \"Lemma\",\n        \"fallbackType\": \"Form\"\n      }\n    },\n    {\n      \"name\": \"lemma_2\",\n      \"context\": \"Collocation\",\n      \"offsets\": [\n        2\n      ],\n      \"extractor\": {\n        \"stringFunctions\": [\n          \"LowerCase\",\n          \"NormalizeDigits\",\n          \"NormalizeUnicode\"\n        ],\n        \"checkForNegation\": false,\n        \"gazetteerType\": \"Gazetteer\",\n        \"extractorType\": \"Lemma\",\n        \"fallbackType\": \"Form\"\n      }\n    },\n    {\n      \"name\": \"prediction_-2\",\n      \"context\": \"Collocation\",\n      \"offsets\": [\n        -2\n      ],\n      \"extractor\": {\n        \"stringFunctions\": [],\n        \"checkForNegation\": false,\n        \"gazetteerType\": \"Gazetteer\",\n        \"extractorType\": \"Prediction\",\n        \"fallbackType\": \"Form\"\n      }\n    },\n    {\n      \"name\": \"prediction_-1\",\n      \"context\": \"Collocation\",\n      \"offsets\": [\n        -1\n      ],\n      \"extractor\": {\n        \"stringFunctions\": [],\n        \"checkForNegation\": false,\n        \"gazetteerType\": \"Gazetteer\",\n        \"extractorType\": \"Prediction\",\n        \"fallbackType\": \"Form\"\n      }\n    }\n  ]\n}","includeElmo":false,"numKeyPhrases":0,"trainOutOfDomain":false,"useUploadedTemplate":false}